,Production,awards,director,genre,imdbRating,language,rating,runtime,title,tomatoMeter,year,lang_class,awards_num
0,TriStar Pictures,1 win & 2 nominations.,Bob Clark,"Comedy, Crime, Family",2.5,English,PG,97.0,Baby Geniuses,2.0,1999,1,0.0
1,Independent Pictures,,Nicholas Webster,"Adventure, Comedy, Family",2.5,English,NOT RATED,81.0,Santa Claus Conquers the Martians,25.0,1964,1,0.0
2,All Channel Films,,Rick Sloane,"Comedy, Horror, Sci-Fi",2.3,English,R,88.0,Hobgoblins,,1988,1,0.0
3,,,"György Gát, János Uzsák","Animation, Adventure, Family",2.2,Hungarian,,85.0,A Fox's Tale,,2008,0,0.0
4,,11 wins & 9 nominations.,Martin Brest,"Comedy, Crime, Romance",2.4,English,R,121.0,Gigli,,2003,1,0.0
5,,,Coleman Francis,"Drama, Sport",3.0,English,,75.0,The Skydivers,,1963,1,0.0
6,MGM,,Claudio Fragasso,"Comedy, Fantasy, Horror",2.7,English,PG-13,95.0,Troll 2,6.0,1990,1,0.0
7,Fairway International,,Ray Dennis Steckler,Horror,2.2,English,NOT RATED,82.0,The Incredibly Strange Creatures Who Stopped Living and Became Mixed-Up Zombies!!?,20.0,1964,1,0.0
8,,,Gábor Forgács,"Comedy, Romance, Sport",2.1,Hungarian,,115.0,Dream.net,,2009,0,0.0
9,Sony Pictures Home Entertainment,1 win.,Kevin Alyn Elders,"Action, Comedy",2.5,English,PG-13,85.0,Simon Sez,0.0,1999,1,0.0
10,,,Aune Sand,Romance,2.4,Norwegian,,70.0,A Story About Love,,1995,0,0.0
11,New World,,Jack Bravman,Horror,2.2,English,R,89.0,Zombie Nightmare,,1987,1,0.0
12,Independant Pictures,,James Nguyen,"Horror, Romance, Thriller",1.8,English,NOT RATED,105.0,Birdemic: Shock and Terror,20.0,2010,1,0.0
13,,,Fritz Böttger,Horror,2.4,German,UNRATED,77.0,Body in the Web,,1960,0,0.0
14,,,David Worth,"Sci-Fi, Action",2.3,English,R,92.0,Warrior of the Lost World,,1983,1,0.0
15,Big Balloon Adventure Movies,2 nominations.,Matthew Diamond,"Adventure, Family, Fantasy",6.9,English,G,88.0,The Oogieloves in the Big Balloon Adventure,27.0,2012,1,0.0
16,,,Brett Kelly,"Action, Horror, Sci-Fi",1.5,English,,75.0,Attack of the Jurassic Shark,,2012,1,0.0
17,Grindstone Entertainment,,Craig Moss,Comedy,2.5,English,R,82.0,Breaking Wind,,2012,1,0.0
18,20th Century Fox,4 wins & 1 nomination.,"Aaron Seltzer, Jason Friedberg","Comedy, Romance",2.7,English,PG-13,83.0,Date Movie,7.0,2006,1,0.0
19,UTV Motion Pictures,2 wins & 1 nomination.,Sajid Khan,"Action, Comedy",1.8,Hindi,NOT RATED,150.0,Himmatwala,,2013,0,0.0
20,Warner Bros. Pictures,13 wins & 3 nominations.,Roger Christian,"Action, Adventure, Sci-Fi",2.4,English,PG-13,118.0,Battlefield Earth,3.0,2000,1,0.0
21,,,"Taner Akvardar, Mustafa Altioklar","Action, Adventure, Comedy",1.8,Turkish,,100.0,Yes Sir,,2007,0,0.0
22,Dimension Films,1 win & 1 nomination.,Don Michael Paul,"Comedy, Sport",2.0,English,PG-13,93.0,Who's Your Caddy?,6.0,2007,1,0.0
23,,,Will Zens,Drama,2.3,English,,78.0,The Starfighters,,1964,1,0.0
24,Orion Home Video,2 wins & 2 nominations.,Bill Fishman,Comedy,2.4,English,PG-13,89.0,"Car 54, Where Are You?",0.0,1994,1,0.0
25,,1 win.,Bill Cowell,Horror,2.1,English,R,100.0,The Maize: The Movie,,2004,1,0.0
26,Lions Gate Films,1 nomination.,Ron Underwood,"Comedy, Crime, Drama",2.6,English,PG-13,95.0,In the Mix,14.0,2005,1,0.0
27,,,Jerry Jameson,Horror,2.2,English,PG,91.0,The Bat People,,1974,1,0.0
28,Rhino Home Video,,Arch Hall Sr.,Comedy,2.2,English,UNRATED,90.0,Eegah,,1962,1,0.0
29,,,Eijirô Wakabayashi,"Action, Adventure, Sci-Fi",2.1,Japanese,,121.0,Prince of Space,,1959,0,0.0
30,Irwin Yablans Company,1 nomination.,Michael Rae,"Horror, Sci-Fi",2.5,English,PG,85.0,Laserblast,,1978,1,0.0
31,,,Peter Horak,"Comedy, Horror",2.0,English,,88.0,Die Hard Dracula,,1998,1,0.0
32,Sony Pictures Home Entertainment,3 wins & 4 nominations.,Paul Weiland,"Action, Comedy, Sci-Fi",2.2,English,PG,85.0,Leonard Part 6,9.0,1987,1,0.0
33,,,Camillo Teti,"Animation, Family",2.1,"English, Italian",,90.0,Titanic: The Legend Goes On...,,2000,1,0.0
34,New Line Cinema,2 wins & 1 nomination.,Jonathan R. Betuel,"Action, Comedy, Family",2.4,English,PG,92.0,Theodore Rex,,1995,1,0.0
35,,,Ed Bye,Comedy,2.6,English,,75.0,Fat Slags,,2004,1,0.0
36,Lions Gate,5 wins & 4 nominations.,Uwe Boll,"Horror, Sci-Fi",2.3,English,R,96.0,Alone in the Dark,1.0,2005,1,0.0
37,Geneni Film Distributing Company,,Ted V. Mikels,"Crime, Drama, Music",2.2,English,R,94.0,Girl in Gold Boots,,1968,1,0.0
38,Lionsgate,1 win & 6 nominations.,"Jason Friedberg, Aaron Seltzer",Comedy,1.9,English,PG-13,87.0,Disaster Movie,1.0,2008,1,0.0
39,Trimark,,"David Winters, Neal Sundstrom","Action, Adventure, Romance",2.0,English,R,91.0,Space Mutiny,,1988,1,0.0
40,LionsGate Entertainment,,Darrell Roodt,"Horror, Sci-Fi",2.0,English,R,86.0,Dracula 3000,,2004,1,0.0
41,,,"Don Barton, Arnold Stevens","Fantasy, Sci-Fi",2.5,English,PG,100.0,Zaat,,1971,1,0.0
42,,,Celal Çimen,"Crime, Mystery",1.6,Turkish,,114.0,Code Name: K.O.Z.,,2015,0,0.0
43,Sinister Cinema,,Harold P. Warren,Horror,1.9,English,NOT RATED,70.0,Manos: The Hands of Fate,0.0,1966,1,0.0
44,20th Century Fox,2 wins & 15 nominations.,Robert Iscove,"Comedy, Musical, Romance",2.1,English,PG,81.0,From Justin to Kelly,10.0,2003,1,0.0
45,,,Juan Piquer Simón,Sci-Fi,2.1,"French, Spanish",,80.0,Extra Terrestrial Visitors,,1983,0,0.0
46,Crown International Pictures,,Coleman Francis,"Horror, Sci-Fi",2.4,English,UNRATED,54.0,The Beast of Yucca Flats,,1961,1,0.0
47,Sony Pictures Entertainment,,Preston A. Whitmore II,"Action, Sport",2.1,English,PG-13,95.0,Crossover,2.0,2006,1,0.0
48,20th Century Fox,3 wins & 10 nominations.,Vondie Curtis-Hall,"Drama, Music, Romance",2.1,English,PG-13,104.0,Glitter,7.0,2001,1,0.0
49,Freestyle Releasing,1 nomination.,"William Heins, Strathford Hamilton",Comedy,1.9,English,R,91.0,Pledge This!,0.0,2006,1,0.0
50,LionsGate Entertainment,,Joel Silverman,"Comedy, Sport",2.1,English,R,87.0,Surf School,,2006,1,0.0
51,Futurama International,,Don Henderson,Horror,2.1,English,PG,90.0,The Touch of Satan,,1971,1,0.0
52,MCA Universal Home Video,3 nominations.,Bill Couturié,"Comedy, Family, Sport",2.6,English,PG,94.0,Ed,0.0,1996,1,0.0
53,,,Richard Ashe,"Horror, Sci-Fi",2.1,English,PG,90.0,Track of the Moon Beast,,1976,1,0.0
54,Artisan,2 wins.,Uwe Boll,"Adventure, Horror",2.0,English,R,90.0,House of the Dead,4.0,2003,1,0.0
55,Image Entertainment,,Kôji Ohta,Sci-Fi,1.9,Japanese,,74.0,Invasion of the Neptune Men,,1961,0,0.0
56,Regent Releasing,4 wins & 4 nominations.,Tom Putnam,"Comedy, Romance",1.9,English,PG-13,91.0,The Hottie & the Nottie,4.0,2008,1,0.0
57,,,Joe D'Amato,"Action, Adventure, Fantasy",2.2,Italian,PG,92.0,The Blade Master,,1982,0,0.0
58,,,Rafael Portillo,"Adventure, Horror, Sci-Fi",2.2,Spanish,,65.0,The Aztec Mummy Against the Humanoid Robot,,1958,0,0.0
59,20th Century Fox,1 nomination.,James Wong,"Action, Adventure, Fantasy",2.7,"English, Japanese, Hindi",PG,85.0,Dragonball: Evolution,14.0,2009,1,0.0
60,,,Michael David Pate,"Comedy, Horror",1.2,German,,81.0,Kartoffelsalat,,2015,0,0.0
61,,,Tayfun Güneyer,Comedy,1.8,Turkish,,105.0,Keloglan vs. the Black Prince,,2006,0,0.0
62,,1 win.,David Giancola,Sci-Fi,2.3,English,PG-13,89.0,Time Chasers,,1994,1,0.0
63,FIP,5 nominations.,Sajid Khan,Comedy,1.8,Hindi,,159.0,Humshakals,0.0,2014,0,0.0
64,Arista Films,,Greydon Clark,"Action, Crime, Drama",2.0,English,R,90.0,Final Justice,,1985,1,0.0
65,Sony,5 nominations.,Bob Clark,"Comedy, Family, Sci-Fi",1.9,English,PG,88.0,Superbabies: Baby Geniuses 2,0.0,2004,1,0.0
66,Cabin Fever Entertainment,,John Murlowski,"Family, Comedy",2.4,English,PG,97.0,Santa with Muscles,,1996,1,0.0
67,Tiglon,,Kartal Tibet,"Action, Comedy, Sci-Fi",1.9,"Turkish, Turkish",,110.0,Turks in Space,,2006,0,0.0
68,Lionsgate Films,,Lawrence Kasanoff,"Animation, Action, Comedy",1.7,English,PG,91.0,Foodfight!,,2012,1,0.0
69,,,Ulli Lommel,"Comedy, Crime, Fantasy",2.0,German,,81.0,Daniel der Zauberer,,2004,0,0.0
70,VCI Entertainment,,Jerry Warren,"Action, Comedy, Adventure",2.1,English,,70.0,The Wild World of Batwoman,,1966,1,0.0
71,20th Century Fox,6 nominations.,"Jason Friedberg, Aaron Seltzer",Comedy,2.7,English,PG-13,86.0,Meet the Spartans,2.0,2008,1,0.0
72,UTV Communications,4 wins & 2 nominations.,Farah Khan,"Action, Comedy, Crime",2.5,Hindi,,135.0,Tees Maar Khan,,2010,0,0.0
73,Trimark,2 nominations.,Alex Zamm,Comedy,2.3,English,PG-13,95.0,Chairman of the Board,13.0,1998,1,0.0
74,B4U US,,Umesh Ghadge,Comedy,1.8,Hindi,,124.0,Kyaa Kool Hain Hum 3,,2016,0,0.0
75,,4 wins & 3 nominations.,Lisa France,Drama,2.1,English,PG-13,91.0,Anne B. Real,,2003,1,0.0
76,New Line Cinema,7 wins & 12 nominations.,Lawrence Guterman,"Comedy, Family, Fantasy",2.2,English,PG,94.0,Son of the Mask,6.0,2005,1,0.0
77,,,Sam Newfield,"Crime, Drama",2.3,English,APPROVED,68.0,I Accuse My Parents,,1944,1,0.0
78,American Pop Classics,,"Bill Rebane, Herschell Gordon Lewis","Sci-Fi, Horror",2.3,English,TV-PG,70.0,Monster a-Go Go,,1965,1,0.0
79,Screen Media Films,,Frédéric Auburtin,"Drama, History, Sport",2.0,English,NOT RATED,110.0,United Passions,0.0,2014,1,0.0
80,Moviehead Pictures,,James Nguyen,"Action, Comedy, Horror",1.7,English,,90.0,Birdemic 2: The Resurrection,,2013,1,0.0
81,,,Ugo Fabrizio Giordani,Comedy,2.9,Italian,,97.0,Too Beautiful,,2005,0,0.0
82,,,Alberto De Martino,"Action, Adventure, Fantasy",2.1,English,,90.0,The Pumaman,,1980,1,0.0
83,Allied Artists Pictures,,Andrew V. McLaglen,"Crime, Action, Drama",2.4,English,R,97.0,Mitchell,,1975,1,0.0
84,Trimark,,Valerie Breiman,Comedy,1.9,English,R,99.0,Going Overboard,,1989,1,0.0
85,Howco International,,Charles B. Pierce,"Adventure, Drama, Horror",2.3,English,PG,91.0,Boggy Creek II: And the Legend Continues,,1984,1,0.0
86,,,Lamberto Bava,"Action, Horror, Thriller",2.3,Italian,R,90.0,Devil Fish,,1984,0,0.0
87,20th Century Fox,2 wins & 3 nominations.,"Jason Friedberg, Aaron Seltzer","Adventure, Comedy",2.3,English,PG-13,86.0,Epic Movie,2.0,2007,1,0.0
88,,1 win.,Michael Rissi,"Fantasy, Horror",2.2,English,R,94.0,Soultaker,,1990,1,0.0
89,,,"Orlando Corradi, Kim J. Ok","Animation, Family",1.6,Italian,,84.0,The Legend of the Titanic,,1999,0,0.0
90,,,Coleman Francis,"Action, Adventure, Thriller",2.7,English,,89.0,Night Train to Mundo Fine,,1966,1,0.0
91,IPD/Samuel Goldwyn Films,4 wins & 2 nominations.,Darren Doane,"Comedy, Family",1.5,English,PG,80.0,Saving Christmas,0.0,2014,1,0.0
92,Buena Vista,1 win & 7 nominations.,Adam Bernstein,Comedy,2.7,"English, Japanese",PG-13,77.0,It's Pat,0.0,1994,1,0.0
93,New Line Home Entertainment,1 nomination.,Farhad Mann,"Action, Sci-Fi, Thriller",2.4,English,PG-13,93.0,Lawnmower Man 2: Beyond Cyberspace,11.0,1996,1,0.0
94,,,Ram Gopal Varma,"Action, Adventure, Comedy",1.9,Hindi,,115.0,Ram Gopal Varma's Indian Flames,,2007,0,0.0
95,LionsGate Entertainment,,Ulli Lommel,Horror,2.1,English,R,81.0,Zombie Nation,,2005,1,0.0
96,Sony Pictures Classics,Won 3 Oscars. Another 87 wins & 128 nominations.,Damien Chazelle,"Drama, Music",8.5,English,R,107.0,Whiplash,94.0,2014,1,3.0
97,Columbia Pictures,Nominated for 2 Oscars. Another 5 wins & 6 nominations.,Akira Kurosawa,"Action, Adventure, Drama",8.7,Japanese,UNRATED,207.0,Seven Samurai,100.0,1954,0,2.0
98,Paramount Pictures,Won 4 Oscars. Another 29 wins & 23 nominations.,Steven Spielberg,"Action, Adventure",8.5,"English, German, Hebrew, Spanish, Arabic, Nepali",PG,115.0,Raiders of the Lost Ark,96.0,1981,1,4.0
99,Columbia Pictures,Won 7 Oscars. Another 23 wins & 7 nominations.,David Lean,"Adventure, Drama, War",8.2,"English, Japanese, Thai",PG,161.0,The Bridge on the River Kwai,94.0,1957,1,7.0
100,Walt Disney Pictures,Nominated for 1 Oscar. Another 36 wins & 78 nominations.,Joss Whedon,"Action, Adventure, Sci-Fi",8.1,"English, Russian",PG-13,143.0,The Avengers,92.0,2012,1,1.0
101,20th Century Fox,Won 3 Oscars. Another 73 wins & 156 nominations.,Alejandro G. Iñárritu,"Adventure, Drama, Thriller",8.1,"English, Pawnee, French",R,156.0,The Revenant,82.0,2015,1,3.0
102,Miramax,23 wins & 21 nominations.,"Wai-Keung Lau, Alan Mak","Crime, Mystery, Thriller",8.1,"Cantonese, English, Thai",R,101.0,Infernal Affairs,95.0,2002,1,0.0
103,Janus Films,Won 1 BAFTA Film Award. Another 5 wins.,Henri-Georges Clouzot,"Adventure, Drama, Thriller",8.2,"French, English, Spanish, German, Italian, Russian",NOT RATED,131.0,The Wages of Fear,100.0,1953,1,0.0
104,Criterion Collection,Nominated for 1 Oscar. Another 4 wins & 1 nomination.,Akira Kurosawa,"Comedy, Drama, Thriller",8.3,Japanese,UNRATED,110.0,Yojimbo,97.0,1961,0,1.0
105,Walt Disney Pictures,Won 1 Oscar. Another 46 wins & 59 nominations.,"Andrew Stanton, Lee Unkrich","Animation, Adventure, Comedy",8.1,English,G,100.0,Finding Nemo,99.0,2003,1,1.0
106,20th Century Fox,Won 6 Oscars. Another 16 wins & 17 nominations.,Joseph L. Mankiewicz,Drama,8.3,"English, French",APPROVED,138.0,All About Eve,100.0,1950,1,6.0
107,Buena Vista Distribution Compa,Won 1 Oscar. Another 13 wins & 38 nominations.,"Pete Docter, David Silverman, Lee Unkrich","Animation, Adventure, Comedy",8.1,English,G,92.0,"Monsters, Inc.",96.0,2001,1,1.0
108,Universal Pictures,Nominated for 2 Golden Globes. Another 6 wins & 54 nominations.,Ron Howard,"Action, Biography, Drama",8.1,"English, German, Italian, French, Spanish",R,123.0,Rush,89.0,2013,1,0.0
109,Warner Bros. Pictures,Won 4 Oscars. Another 60 wins & 81 nominations.,Clint Eastwood,"Drama, Sport",8.1,"English, Irish",PG-13,132.0,Million Dollar Baby,91.0,2004,1,4.0
110,,Nominated for 1 Oscar. Another 2 wins & 7 nominations.,John Sturges,"Adventure, Drama, History",8.3,"English, German, French, Russian",APPROVED,172.0,The Great Escape,,1963,1,1.0
111,Focus Features,Won 3 Oscars. Another 52 wins & 70 nominations.,Roman Polanski,"Biography, Drama, War",8.5,"English, German, Russian",R,150.0,The Pianist,96.0,2002,1,3.0
112,Paramount Pictures,Won 1 Oscar. Another 20 wins & 23 nominations.,Roman Polanski,"Drama, Mystery, Thriller",8.2,"English, Cantonese, Spanish",R,130.0,Chinatown,98.0,1974,1,1.0
113,United Artists,Won 4 Oscars. Another 26 wins & 8 nominations.,Woody Allen,"Comedy, Romance",8.1,"English, German",PG,93.0,Annie Hall,98.0,1977,1,4.0
114,Universal Pictures,Nominated for 2 Oscars. Another 9 wins & 18 nominations.,Terry Gilliam,"Mystery, Sci-Fi, Thriller",8.1,"English, French",R,129.0,Twelve Monkeys,88.0,1995,1,2.0
115,,Nominated for 1 Oscar. Another 21 wins & 25 nominations.,Oliver Hirschbiegel,"Biography, Drama, History",8.3,"German, Russian, Hungarian",R,156.0,Downfall,,2004,0,1.0
116,Miramax Films,Won 2 Oscars. Another 20 wins & 53 nominations.,Gus Van Sant,Drama,8.3,English,R,126.0,Good Will Hunting,97.0,1997,1,2.0
117,20th Century Fox,2 wins & 6 nominations.,Tim Miller,"Action, Adventure, Comedy",8.2,English,R,108.0,Deadpool,84.0,2016,1,0.0
118,Anchor Bay Entertainment,,Moustapha Akkad,"Adventure, Biography, Drama",8.5,"English, Arabic",PG,177.0,The Message,,1976,1,0.0
119,Open Road Films,Won 2 Oscars. Another 111 wins & 124 nominations.,Tom McCarthy,"Biography, Drama, History",8.1,English,R,128.0,Spotlight,96.0,2015,1,2.0
120,Buena Vista,Nominated for 1 Oscar. Another 16 wins & 18 nominations.,Hayao Miyazaki,"Animation, Adventure, Family",8.2,Japanese,PG,119.0,Howl's Moving Castle,87.0,2004,0,1.0
121,Twentieth Century Fox Home Entertainment,3 wins.,Charles Chaplin,"Comedy, Drama, Romance",8.6,English,PASSED,87.0,City Lights,98.0,1931,1,0.0
122,Warner Bros. Pictures,Won 2 Oscars. Another 84 wins & 77 nominations.,Curtis Hanson,"Crime, Drama, Mystery",8.3,English,R,138.0,L.A. Confidential,99.0,1997,1,2.0
123,Big Pictures,25 wins & 13 nominations.,Rajkumar Hirani,"Comedy, Drama",8.4,"Hindi, English",PG-13,170.0,3 Idiots,100.0,2009,1,0.0
124,Media Home Entertainment,3 wins & 1 nomination.,Akira Kurosawa,Drama,8.1,Japanese,UNRATED,110.0,Throne of Blood,98.0,1957,0,0.0
125,Turner Entertainment,Nominated for 3 Oscars. Another 8 wins & 4 nominations.,Alfred Hitchcock,"Action, Adventure, Crime",8.4,English,APPROVED,136.0,North by Northwest,100.0,1959,1,3.0
126,Universal Pictures,Won 4 Oscars. Another 32 wins & 63 nominations.,Ron Howard,"Biography, Drama",8.2,English,PG-13,135.0,A Beautiful Mind,75.0,2001,1,4.0
127,Sony Pictures Home Entertainment,1 win & 7 nominations.,Richard Linklater,"Drama, Romance",8.1,"English, German, French",R,105.0,Before Sunrise,100.0,1995,1,0.0
128,The Weinstein Company,Won 1 Oscar. Another 44 wins & 147 nominations.,Morten Tyldum,"Biography, Drama, Thriller",8.1,"English, German",PG-13,114.0,The Imitation Game,90.0,2014,1,1.0
129,Well Go USA,12 wins & 15 nominations.,Wilson Yip,"Action, Biography, Drama",8.1,"Cantonese, Mandarin, Japanese",R,106.0,Ip Man,84.0,2008,0,0.0
130,Sony Pictures Home Entertainment,Won 5 Oscars. Another 5 wins & 1 nomination.,Frank Capra,"Comedy, Romance",8.2,English,UNRATED,105.0,It Happened One Night,98.0,1934,1,5.0
131,Walt Disney Pictures,Nominated for 2 Oscars. Another 48 wins & 92 nominations.,James Gunn,"Action, Adventure, Sci-Fi",8.1,English,PG-13,121.0,Guardians of the Galaxy,91.0,2014,1,2.0
132,Miramax,Nominated for 1 Oscar. Another 13 wins & 4 nominations.,Majid Majidi,"Drama, Family",8.5,Persian,PG,89.0,Children of Heaven,82.0,1997,0,1.0
133,Embassy Pictures Corporation,Won 4 Oscars. Another 19 wins & 10 nominations.,Ingmar Bergman,Drama,8.1,"Swedish, German, Yiddish, English",R,188.0,Fanny and Alexander,100.0,1982,1,4.0
134,Orion Pictures Corporation,5 wins & 6 nominations.,James Cameron,"Action, Sci-Fi",8.1,"English, Spanish",R,107.0,The Terminator,100.0,1984,1,0.0
135,Warner Bros. Pictures/Legendary,Won 2 Oscars. Another 146 wins & 142 nominations.,Christopher Nolan,"Action, Adventure, Crime",9.0,"English, Mandarin",PG-13,152.0,The Dark Knight,94.0,2008,1,2.0
136,Warner Home Video,Nominated for 2 Golden Globes. Another 11 wins & 7 nominations.,Sergio Leone,"Crime, Drama",8.4,"English, Italian, French",R,229.0,Once Upon a Time in America,89.0,1984,1,0.0
137,Warner Bros.,Won 4 Oscars. Another 13 wins & 13 nominations.,Stanley Kubrick,"Adventure, Drama, History",8.1,"English, German, French",PG,184.0,Barry Lyndon,96.0,1975,1,4.0
138,Fox Searchlight,Won 3 Oscars. Another 233 wins & 312 nominations.,Steve McQueen,"Biography, Drama, History",8.1,English,R,134.0,12 Years a Slave,96.0,2013,1,3.0
139,MGM/United Artists,Won 4 Oscars. Another 15 wins & 25 nominations.,Sidney Lumet,Drama,8.1,English,R,121.0,Network,91.0,1976,1,4.0
140,Buena Vista Pictures,Nominated for 5 Oscars. Another 31 wins & 88 nominations.,Gore Verbinski,"Action, Adventure, Fantasy",8.1,English,PG-13,143.0,Pirates of the Caribbean: The Curse of the Black Pearl,79.0,2003,1,5.0
141,MGM,Won 11 Oscars. Another 16 wins & 13 nominations.,William Wyler,"Adventure, Drama, History",8.1,English,G,212.0,Ben-Hur,88.0,1959,1,11.0
142,Tartan Films,26 wins & 16 nominations.,Chan-wook Park,"Drama, Mystery, Thriller",8.4,Korean,R,120.0,Oldboy,80.0,2003,0,0.0
143,United Artists,Won 2 Oscars. Another 23 wins & 24 nominations.,Martin Scorsese,"Biography, Drama, Sport",8.3,English,R,129.0,Raging Bull,97.0,1980,1,2.0
144,Paramount Pictures,Nominated for 7 Oscars. Another 2 wins & 2 nominations.,Billy Wilder,"Crime, Drama, Film-Noir",8.4,English,PASSED,107.0,Double Indemnity,96.0,1944,1,7.0
145,Paramount Pictures,Nominated for 3 Oscars. Another 38 wins & 66 nominations.,Peter Weir,Drama,8.1,English,PG,103.0,The Truman Show,94.0,1998,1,3.0
146,Buena Vista,Won 2 Oscars. Another 29 wins & 27 nominations.,"Roger Allers, Rob Minkoff","Animation, Adventure, Drama",8.5,"English, Swahili, Xhosa, Zulu",G,89.0,The Lion King,92.0,1994,1,2.0
147,Warner Bros. Pictures,,Terry Jones,Comedy,8.1,"English, Latin",R,94.0,Life of Brian,96.0,1979,1,0.0
148,Almi Cinema 5,2 wins & 2 nominations.,"Terry Gilliam, Terry Jones","Adventure, Comedy, Fantasy",8.3,"English, French, Latin",PG,91.0,Monty Python and the Holy Grail,97.0,1975,1,0.0
149,Miramax Films,Won 1 Oscar. Another 21 wins & 23 nominations.,Giuseppe Tornatore,Drama,8.5,Italian,R,155.0,Cinema Paradiso,90.0,1988,0,1.0
150,United Artists,Won 3 Oscars. Another 16 wins & 21 nominations.,John G. Avildsen,"Drama, Sport",8.1,English,PG,120.0,Rocky,93.0,1976,1,3.0
151,IFC Films,4 wins & 8 nominations.,Adam Elliot,"Animation, Comedy, Drama",8.2,"English, Yiddish",NOT RATED,92.0,Mary and Max,95.0,2009,1,0.0
152,Sony Pictures Classics,Nominated for 1 Oscar. Another 39 wins & 15 nominations.,Denis Villeneuve,"Drama, Mystery, War",8.2,"French, Arabic, English",R,139.0,Incendies,92.0,2010,1,1.0
153,RKO Radio Pictures,Won 7 Oscars. Another 13 wins & 2 nominations.,William Wyler,"Drama, Romance, War",8.1,English,NOT RATED,172.0,The Best Years of Our Lives,96.0,1946,1,7.0
154,Paramount,Nominated for 8 Oscars. Another 10 wins & 14 nominations.,David Lynch,"Biography, Drama",8.2,English,PG,124.0,The Elephant Man,90.0,1980,1,8.0
155,20th Century Fox,Nominated for 1 Oscar. Another 6 wins & 8 nominations.,Rob Reiner,"Adventure, Comedy, Family",8.1,English,PG,98.0,The Princess Bride,97.0,1987,1,1.0
156,Universal Pictures,Won 7 Oscars. Another 71 wins & 33 nominations.,Steven Spielberg,"Biography, Drama, History",8.9,"English, German, Polish, Hebrew",R,195.0,Schindler's List,96.0,1993,1,7.0
157,Universal International Pictur,Won 3 Oscars. Another 10 wins & 16 nominations.,Robert Mulligan,"Crime, Drama",8.4,English,NOT RATED,129.0,To Kill a Mockingbird,91.0,1962,1,3.0
158,Universal Pictures,Won 1 Oscar. Another 18 wins & 26 nominations.,Robert Zemeckis,"Adventure, Comedy, Sci-Fi",8.5,English,PG,116.0,Back to the Future,96.0,1985,1,1.0
159,Shinchosha Company,3 wins.,Isao Takahata,"Animation, Drama, War",8.5,"Japanese, English",UNRATED,89.0,Grave of the Fireflies,97.0,1988,1,0.0
160,Buena Vista Pictures,Nominated for 2 Oscars. Another 5 wins & 32 nominations.,Christopher Nolan,"Drama, Mystery, Sci-Fi",8.5,English,PG-13,130.0,The Prestige,76.0,2006,1,2.0
161,United Artists,Won 1 Oscar. Another 9 wins & 13 nominations.,Billy Wilder,"Comedy, Crime, Romance",8.3,English,NOT RATED,120.0,Some Like It Hot,96.0,1959,1,1.0
162,Lions Gate Films,Nominated for 1 Oscar. Another 54 wins & 22 nominations.,Alejandro G. Iñárritu,"Drama, Thriller",8.1,Spanish,R,154.0,Amores Perros,92.0,2000,0,1.0
163,Warner Bros. Pictures,Won 4 Oscars. Another 90 wins & 123 nominations.,Martin Scorsese,"Crime, Drama, Thriller",8.5,"English, Cantonese",R,151.0,The Departed,91.0,2006,1,4.0
164,Cowboy Pictures,Nominated for 1 BAFTA Film Award. Another 5 wins.,Akira Kurosawa,Drama,8.3,Japanese,NOT RATED,143.0,Ikiru,100.0,1952,0,0.0
165,Paramount Studios,8 wins & 59 nominations.,Martin Scorsese,"Mystery, Thriller",8.1,"English, German",R,138.0,Shutter Island,68.0,2010,1,0.0
166,Warner Bros. Pictures,Nominated for 3 Oscars. Another 45 wins & 87 nominations.,David Yates,"Adventure, Drama, Fantasy",8.1,English,PG-13,130.0,Harry Potter and the Deathly Hallows: Part 2,96.0,2011,1,3.0
167,New Line Cinema,Nominated for 1 Oscar. Another 4 wins & 13 nominations.,Tony Kaye,"Crime, Drama",8.6,English,R,119.0,American History X,83.0,1998,1,1.0
168,Gramercy Pictures,Won 2 Oscars. Another 32 wins & 16 nominations.,Bryan Singer,"Crime, Drama, Mystery",8.6,"English, Hungarian, Spanish, French",R,106.0,The Usual Suspects,88.0,1995,1,2.0
169,BFI Production,3 wins.,Yasujirô Ozu,Drama,8.3,"Japanese, English",NOT RATED,136.0,Tokyo Story,100.0,1953,1,0.0
170,Columbia Pictures,Won 1 BAFTA Film Award. Another 5 wins & 8 nominations.,Harold Ramis,"Comedy, Fantasy, Romance",8.1,"English, French, Italian",PG,101.0,Groundhog Day,96.0,1993,1,0.0
171,Janus Films,Nominated for 2 Oscars. Another 3 wins & 1 nomination.,Charles Chaplin,"Adventure, Comedy, Drama",8.3,English,NOT RATED,95.0,The Gold Rush,100.0,1925,1,2.0
172,Universal Pictures,Nominated for 7 Oscars. Another 7 wins & 21 nominations.,Jim Sheridan,"Biography, Drama, History",8.1,English,R,133.0,In the Name of the Father,94.0,1993,1,7.0
173,MGM,Nominated for 2 Oscars. Another 5 wins & 7 nominations.,"Stanley Donen, Gene Kelly","Comedy, Musical, Romance",8.3,English,APPROVED,103.0,Singin' in the Rain,100.0,1952,1,2.0
174,Walt Disney Animation Studios,1 nomination.,"Byron Howard, Rich Moore, Jared Bush","Animation, Action, Adventure",8.2,"English, Norwegian",PG,108.0,Zootopia,98.0,2016,1,0.0
175,New Line Cinema,Won 2 Oscars. Another 114 wins & 127 nominations.,Peter Jackson,"Action, Adventure, Drama",8.7,"English, Sindarin, Old English",PG-13,179.0,The Lord of the Rings: The Two Towers,96.0,2002,1,2.0
176,New Line Cinema,Won 11 Oscars. Another 174 wins & 113 nominations.,Peter Jackson,"Action, Adventure, Drama",8.9,"English, Quenya, Old English, Sindarin",PG-13,201.0,The Lord of the Rings: The Return of the King,95.0,2003,1,11.0
177,20th Century Fox,Nominated for 4 Oscars. Another 6 wins & 2 nominations.,John McTiernan,"Action, Thriller",8.2,"English, German, Italian",R,131.0,Die Hard,92.0,1988,1,4.0
178,Kino Lorber Inc.,4 wins.,Henri-Georges Clouzot,"Drama, Horror, Mystery",8.1,"French, English",UNRATED,116.0,Diabolique,97.0,1955,1,0.0
179,Dreamworks Distribution LLC,Won 5 Oscars. Another 53 wins & 101 nominations.,Ridley Scott,"Action, Drama",8.5,English,R,155.0,Gladiator,76.0,2000,1,5.0
180,Janus Films,Nominated for 1 Oscar. Another 12 wins & 2 nominations.,Ingmar Bergman,"Drama, Romance",8.2,"Swedish, Latin",UNRATED,91.0,Wild Strawberries,95.0,1957,0,1.0
181,Warner Bros. Pictures,Nominated for 1 BAFTA Film Award. Another 3 wins & 2 nominations.,Alfred Hitchcock,"Crime, Film-Noir, Thriller",8.2,English,PG,105.0,Dial M for Murder,88.0,1954,1,0.0
182,Kino International,2 wins.,Elem Klimov,"Drama, War",8.3,"Belarusian, Russian, German",NOT RATED,140.0,Come and See,95.0,1985,0,0.0
183,Paramount Studios,Nominated for 5 Oscars. Another 35 wins & 154 nominations.,Martin Scorsese,"Biography, Comedy, Crime",8.2,"English, French",R,180.0,The Wolf of Wall Street,77.0,2013,1,5.0
184,20th Century Fox,Won 1 Oscar. Another 16 wins & 19 nominations.,Ridley Scott,"Horror, Sci-Fi",8.5,"English, Spanish",R,117.0,Alien,97.0,1979,1,1.0
185,Magnolia Pictures,Nominated for 1 Oscar. Another 35 wins & 63 nominations.,Thomas Vinterberg,Drama,8.3,"Danish, English, Polish",R,115.0,The Hunt,94.0,2012,1,1.0
186,First National Pictures Inc.,1 win.,Charles Chaplin,"Comedy, Drama, Family",8.4,English,NOT RATED,68.0,The Kid,100.0,1921,1,0.0
187,Warner Bros. Pictures,Nominated for 1 Oscar. Another 15 wins & 66 nominations.,Christopher Nolan,"Action, Adventure",8.3,"English, Urdu, Mandarin",PG-13,140.0,Batman Begins,84.0,2005,1,1.0
188,Buena Vista,Won 2 Oscars. Another 25 wins & 21 nominations.,"Gary Trousdale, Kirk Wise","Animation, Family, Fantasy",8.0,"French, English",G,84.0,Beauty and the Beast,93.0,1991,1,2.0
189,Criterion Collection,8 wins & 13 nominations.,Mathieu Kassovitz,"Crime, Drama",8.1,French,NOT RATED,98.0,La Haine,100.0,1995,0,0.0
190,Universal City Studios,Won 3 Oscars. Another 27 wins & 17 nominations.,Steven Spielberg,"Adventure, Sci-Fi, Thriller",8.1,"English, Spanish",PG-13,127.0,Jurassic Park,93.0,1993,1,3.0
191,Paramount Vantage,Won 2 Oscars. Another 105 wins & 133 nominations.,Paul Thomas Anderson,Drama,8.1,"English, American Sign Language",R,158.0,There Will Be Blood,91.0,2007,1,2.0
192,Universal Pictures,Won 7 Oscars. Another 10 wins & 6 nominations.,George Roy Hill,"Comedy, Crime, Drama",8.3,English,PG,129.0,The Sting,93.0,1973,1,7.0
193,Criterion Collection,Nominated for 5 Oscars. Another 5 wins & 1 nomination.,Charles Chaplin,"Comedy, Drama, War",8.5,"English, Esperanto",APPROVED,125.0,The Great Dictator,92.0,1940,1,5.0
194,Twentieth Century Fox Home Entertainment,Won 2 Oscars. Another 7 wins & 5 nominations.,John Ford,Drama,8.1,English,NOT RATED,129.0,The Grapes of Wrath,100.0,1940,1,2.0
195,Paramount Pictures,Nominated for 2 Oscars. Another 8 wins & 3 nominations.,Alfred Hitchcock,"Mystery, Romance, Thriller",8.4,English,PG,128.0,Vertigo,97.0,1958,1,2.0
196,The Weinstein Company,Won 1 Oscar. Another 123 wins & 153 nominations.,"Quentin Tarantino, Eli Roth","Adventure, Drama, War",8.3,"English, German, French, Italian",R,153.0,Inglourious Basterds,89.0,2009,1,1.0
197,Universal Pictures,Won 3 Oscars. Another 25 wins & 38 nominations.,Paul Greengrass,"Action, Mystery, Thriller",8.1,"English, French, Arabic, Russian, Spanish",PG-13,115.0,The Bourne Ultimatum,93.0,2007,1,3.0
198,Walt Disney Pictures,Won 2 Oscars. Another 57 wins & 89 nominations.,Lee Unkrich,"Animation, Adventure, Comedy",8.3,"English, Spanish",G,103.0,Toy Story 3,99.0,2010,1,2.0
199,Miramax Films,Nominated for 4 Oscars. Another 65 wins & 37 nominations.,"Fernando Meirelles, Kátia Lund","Crime, Drama",8.7,Portuguese,R,130.0,City of God,90.0,2002,0,4.0
200,Walt Disney Pictures,Won 2 Oscars. Another 73 wins & 75 nominations.,"Pete Docter, Bob Peterson","Animation, Adventure, Comedy",8.3,English,PG,96.0,Up,98.0,2009,1,2.0
201,Criterion Collection,Nominated for 1 BAFTA Film Award. Another 6 wins & 3 nominations.,Ingmar Bergman,"Drama, Horror, Thriller",8.1,"English, Swedish",NOT RATED,83.0,Persona,88.0,1966,1,0.0
202,Miramax Films,Nominated for 1 Golden Globe. Another 25 wins & 84 nominations.,Quentin Tarantino,Action,8.1,"English, Japanese, French",R,111.0,Kill Bill: Vol. 1,85.0,2003,1,0.0
203,DreamWorks SKG,Nominated for 2 Oscars. Another 11 wins & 39 nominations.,Steven Spielberg,"Biography, Crime, Drama",8.0,"French, English",PG-13,141.0,Catch Me If You Can,96.0,2002,1,2.0
204,Miramax Films,Nominated for 5 Oscars. Another 56 wins & 61 nominations.,Jean-Pierre Jeunet,"Comedy, Romance",8.4,"French, Russian",R,122.0,Amélie,89.0,2001,0,5.0
205,ITVS,Won 1 Oscar. Another 4 wins & 11 nominations.,Frank Capra,"Comedy, Drama",8.3,English,NOT RATED,129.0,Mr. Smith Goes to Washington,83.0,1939,1,1.0
206,Twentieth Century Fox,Won 1 Oscar. Another 16 wins & 18 nominations.,Irvin Kershner,"Action, Adventure, Fantasy",8.8,English,PG,124.0,Star Wars: Episode V - The Empire Strikes Back,94.0,1980,1,1.0
207,Paramount/DWA,Nominated for 2 Oscars. Another 25 wins & 58 nominations.,"Dean DeBlois, Chris Sanders","Animation, Adventure, Family",8.2,English,PG,98.0,How to Train Your Dragon,98.0,2010,1,2.0
208,Dimension Films,31 wins & 47 nominations.,"Frank Miller, Robert Rodriguez, Quentin Tarantino","Crime, Thriller",8.1,English,R,124.0,Sin City,78.0,2005,1,0.0
209,20th Century Fox,Nominated for 7 Oscars. Another 34 wins & 168 nominations.,Ridley Scott,"Adventure, Drama, Sci-Fi",8.1,"English, Mandarin",PG-13,144.0,The Martian,92.0,2015,1,7.0
210,Columbia Pictures,Won 7 Oscars. Another 23 wins & 14 nominations.,David Lean,"Adventure, Biography, Drama",8.4,"English, Arabic, Turkish",PG,216.0,Lawrence of Arabia,97.0,1962,1,7.0
211,Orion Pictures Corporation,Won 5 Oscars. Another 48 wins & 34 nominations.,Jonathan Demme,"Crime, Drama, Horror",8.6,English,R,118.0,The Silence of the Lambs,95.0,1991,1,5.0
212,Zenith International Films,Nominated for 1 Oscar. Another 7 wins & 3 nominations.,François Truffaut,"Crime, Drama",8.1,"French, English",NOT RATED,99.0,The 400 Blows,100.0,1959,1,1.0
213,The Weinstein Co.,Won 2 Oscars. Another 53 wins & 143 nominations.,Quentin Tarantino,"Drama, Western",8.5,"English, German, Italian, French",R,165.0,Django Unchained,88.0,2012,1,2.0
214,Warner Bros. Pictures,Won 2 Oscars. Another 7 wins & 13 nominations.,"Victor Fleming, George Cukor, Mervyn LeRoy, Norman Taurog, King Vidor","Adventure, Family, Fantasy",8.1,English,PASSED,102.0,The Wizard of Oz,99.0,1939,1,2.0
215,Disney/Pixar,Won 1 Oscar. Another 81 wins & 90 nominations.,"Pete Docter, Ronnie Del Carmen","Animation, Adventure, Comedy",8.3,English,PG,95.0,Inside Out,98.0,2015,1,1.0
216,United Artists,Nominated for 1 BAFTA Film Award. Another 4 wins & 2 nominations.,Stanley Kubrick,"Drama, War",8.5,"English, German, Latin",APPROVED,88.0,Paths of Glory,94.0,1957,1,0.0
217,,Nominated for 1 Oscar. Another 9 wins & 3 nominations.,Akira Kurosawa,"Crime, Drama",8.3,Japanese,UNRATED,88.0,Rashomon,,1950,0,1.0
218,Columbia Pictures,Won 8 Oscars. Another 27 wins & 20 nominations.,Richard Attenborough,"Biography, Drama, History",8.1,English,PG,191.0,Gandhi,88.0,1982,1,8.0
219,Walt Disney Pictures,Won 1 Oscar. Another 53 wins & 24 nominations.,Hayao Miyazaki,"Animation, Adventure, Family",8.6,Japanese,PG,125.0,Spirited Away,97.0,2001,0,1.0
220,Twentieth Century Fox,Nominated for 4 Oscars. Another 16 wins & 16 nominations.,Richard Marquand,"Action, Adventure, Fantasy",8.4,English,PG,131.0,Star Wars: Episode VI - Return of the Jedi,80.0,1983,1,4.0
221,Sony Pictures Classics,Won 1 Oscar. Another 77 wins & 42 nominations.,Asghar Farhadi,"Drama, Mystery",8.4,Persian,PG-13,123.0,A Separation,99.0,2011,0,1.0
222,Warner Home Video,Nominated for 1 Oscar. Another 1 win & 1 nomination.,Alfred Hitchcock,"Crime, Film-Noir, Thriller",8.1,"English, French",PG,101.0,Strangers on a Train,98.0,1951,1,1.0
223,Ealing Studios,Nominated for 1 BAFTA Film Award. Another 3 wins & 2 nominations.,Robert Hamer,"Comedy, Crime",8.2,English,NOT RATED,106.0,Kind Hearts and Coronets,100.0,1949,1,0.0
224,Artisan Entertainment,Nominated for 1 Oscar. Another 32 wins & 61 nominations.,Darren Aronofsky,Drama,8.4,English,R,102.0,Requiem for a Dream,78.0,2000,1,1.0
225,New Line Cinema,Nominated for 1 Oscar. Another 25 wins & 34 nominations.,David Fincher,"Crime, Drama, Mystery",8.6,English,R,127.0,Se7en,80.0,1995,1,1.0
226,Warner Bros. Pictures,Won 4 Oscars. Another 33 wins & 44 nominations.,"Lana Wachowski, Lilly Wachowski","Action, Sci-Fi",8.7,English,R,136.0,The Matrix,87.0,1999,1,4.0
227,Orion Pictures,Won 4 Oscars. Another 19 wins & 14 nominations.,Oliver Stone,"Drama, War",8.1,"English, Vietnamese",R,120.0,Platoon,88.0,1986,1,4.0
228,Newmarket Film Group,11 wins & 15 nominations.,Richard Kelly,"Drama, Sci-Fi, Thriller",8.1,English,R,113.0,Donnie Darko,85.0,2001,1,0.0
229,Hollywood/Buena Vista,Nominated for 6 Oscars. Another 32 wins & 48 nominations.,M. Night Shyamalan,"Drama, Mystery, Thriller",8.1,"English, Latin, Spanish",PG-13,107.0,The Sixth Sense,85.0,1999,1,6.0
230,Tokuma Shoten,1 win.,Hayao Miyazaki,"Animation, Adventure, Family",8.1,Japanese,PG,125.0,Castle in the Sky,95.0,1986,0,0.0
231,20th Century Fox Film Corporat,Won 2 Oscars. Another 17 wins & 22 nominations.,James Cameron,"Action, Adventure, Sci-Fi",8.4,English,R,137.0,Aliens,98.0,1986,1,2.0
232,New Line Cinema,Won 4 Oscars. Another 108 wins & 122 nominations.,Peter Jackson,"Action, Adventure, Drama",8.8,"English, Sindarin",PG-13,178.0,The Lord of the Rings: The Fellowship of the Ring,91.0,2001,1,4.0
233,Gramercy Pictures,Nominated for 1 BAFTA Film Award. Another 13 wins & 7 nominations.,Guy Ritchie,"Comedy, Crime",8.2,English,R,107.0,"Lock, Stock and Two Smoking Barrels",76.0,1998,1,0.0
234,Warner Bros. Pictures/Village Roadshow,Nominated for 1 Golden Globe. Another 20 wins & 17 nominations.,Clint Eastwood,Drama,8.2,"English, Hmong",R,116.0,Gran Torino,79.0,2008,1,0.0
235,Studio 18,10 wins & 32 nominations.,Anurag Kashyap,"Action, Crime, Drama",8.3,Hindi,,320.0,Gangs of Wasseypur,95.0,2012,0,0.0
236,Sony Pictures Classics,Won 1 Oscar. Another 51 wins & 39 nominations.,Juan José Campanella,"Drama, Mystery, Thriller",8.2,Spanish,R,129.0,The Secret in Their Eyes,91.0,2009,0,1.0
237,Warner Bros. Pictures,Nominated for 2 Oscars. Another 11 wins & 16 nominations.,Ridley Scott,"Sci-Fi, Thriller",8.2,"English, German, Cantonese, Japanese, Hungarian",R,117.0,Blade Runner,89.0,1982,1,2.0
238,Columbia Pictures,3 wins & 8 nominations.,Luc Besson,"Crime, Drama, Thriller",8.6,"English, Italian, French",R,110.0,Léon: The Professional,71.0,1994,1,0.0
239,MGM Home Entertainment,1 win & 1 nomination.,Sergio Leone,"Action, Drama, Western",8.0,"Italian, Spanish",R,99.0,A Fistful of Dollars,98.0,1964,0,0.0
240,Miramax Films,13 wins & 5 nominations.,Hayao Miyazaki,"Animation, Adventure, Fantasy",8.4,Japanese,PG-13,134.0,Princess Mononoke,92.0,1997,0,0.0
241,Paramount Pictures,Won 3 Oscars. Another 23 wins & 27 nominations.,Francis Ford Coppola,"Crime, Drama",9.2,"English, Italian, Latin",R,175.0,The Godfather,99.0,1972,1,3.0
242,Warner Bros.,Won 6 Oscars. Another 201 wins & 186 nominations.,George Miller,"Action, Adventure, Sci-Fi",8.1,"English, Russian",R,120.0,Mad Max: Fury Road,97.0,2015,1,6.0
243,Warner Bros. Pictures,Nominated for 4 Oscars. Another 15 wins & 30 nominations.,Frank Darabont,"Crime, Drama, Fantasy",8.5,"English, French",R,189.0,The Green Mile,80.0,1999,1,4.0
244,Sony Pictures,Nominated for 4 Oscars. Another 13 wins & 6 nominations.,Stanley Kubrick,Comedy,8.5,"English, Russian",PG,95.0,Dr. Strangelove or: How I Learned to Stop Worrying and Love the Bomb,99.0,1964,1,4.0
245,Tokuma Shoten,5 wins & 1 nomination.,Hayao Miyazaki,"Animation, Family, Fantasy",8.3,Japanese,G,86.0,My Neighbor Totoro,93.0,1988,0,0.0
246,Warner Bros. Pictures,Won 8 Oscars. Another 33 wins & 14 nominations.,Milos Forman,"Biography, Drama, History",8.3,"English, Italian, Latin, German",R,160.0,Amadeus,95.0,1984,1,8.0
247,Paramount Pictures,4 wins & 5 nominations.,Sergio Leone,Western,8.6,"English, Spanish, Italian",PG-13,175.0,Once Upon a Time in the West,98.0,1968,1,0.0
248,Buena Vista,Nominated for 3 Oscars. Another 23 wins & 18 nominations.,John Lasseter,"Animation, Adventure, Comedy",8.3,English,G,81.0,Toy Story,100.0,1995,1,3.0
249,Sony Pictures Classics,Nominated for 1 Oscar. Another 44 wins & 52 nominations.,Damián Szifrón,"Comedy, Drama, Thriller",8.1,Spanish,R,122.0,Wild Tales,95.0,2014,0,1.0
250,Miramax Films,9 wins & 15 nominations.,Quentin Tarantino,"Crime, Drama, Thriller",8.4,English,R,99.0,Reservoir Dogs,90.0,1992,1,0.0
251,Warner Bros. Pictures,3 wins & 5 nominations.,Stanley Kubrick,"Drama, Horror",8.4,English,R,146.0,The Shining,88.0,1980,1,0.0
252,Liberty Films,Nominated for 5 Oscars. Another 6 wins & 1 nomination.,Frank Capra,"Drama, Family, Fantasy",8.6,English,PG,130.0,It's a Wonderful Life,94.0,1946,1,5.0
253,Rialto Pictures,Won 1 Oscar. Another 4 wins & 4 nominations.,Carol Reed,"Film-Noir, Mystery, Thriller",8.3,"English, German, Russian",NOT RATED,93.0,The Third Man,100.0,1949,1,1.0
254,Warner Bros. Pictures,Won 3 Oscars. Another 4 wins & 8 nominations.,Michael Curtiz,"Drama, Romance, War",8.6,"English, French, German, Italian",PG,102.0,Casablanca,97.0,1942,1,3.0
255,Warner Bros. Pictures,Nominated for 1 BAFTA Film Award. Another 38 wins & 96 nominations.,Christopher Nolan,"Action, Adventure, Drama",8.5,"English, Arabic",PG-13,164.0,The Dark Knight Rises,87.0,2012,1,0.0
256,Walt Disney Pictures,Nominated for 5 Oscars. Another 31 wins & 99 nominations.,J.J. Abrams,"Action, Adventure, Fantasy",8.2,English,PG-13,136.0,Star Wars: The Force Awakens,92.0,2015,1,5.0
257,Rialto Pictures,Nominated for 3 Oscars. Another 9 wins & 5 nominations.,Gillo Pontecorvo,"Drama, War",8.1,"French, Arabic, English",NOT RATED,121.0,The Battle of Algiers,99.0,1966,1,3.0
258,Paramount Pictures,Nominated for 4 Oscars. Another 5 wins & 9 nominations.,Alfred Hitchcock,"Horror, Mystery, Thriller",8.5,English,R,109.0,Psycho,96.0,1960,1,4.0
259,Paramount Pictures,Won 1 Oscar. Another 39 wins & 132 nominations.,Christopher Nolan,"Adventure, Drama, Sci-Fi",8.6,English,PG-13,169.0,Interstellar,71.0,2014,1,1.0
260,Paramount Pictures,Won 3 Oscars. Another 7 wins & 15 nominations.,William Wyler,"Comedy, Romance",8.1,"English, German, Italian",NOT RATED,118.0,Roman Holiday,98.0,1953,1,3.0
261,United Artists,Won 2 Oscars. Another 18 wins & 32 nominations.,Francis Ford Coppola,"Drama, War",8.5,"English, French, Vietnamese",R,153.0,Apocalypse Now,97.0,1979,1,2.0
262,20th Century Fox,Nominated for 1 Oscar. Another 64 wins & 169 nominations.,David Fincher,"Crime, Drama, Mystery",8.1,English,R,149.0,Gone Girl,88.0,2014,1,1.0
263,Warner Bros.,Nominated for 3 Oscars. Another 2 wins.,John Huston,"Crime, Drama, Film-Noir",8.1,English,NOT RATED,100.0,The Maltese Falcon,100.0,1941,1,3.0
264,Paramount Pictures,Won 5 Oscars. Another 26 wins & 29 nominations.,Mel Gibson,"Biography, Drama, History",8.4,"English, French, Latin, Scottish Gaelic",R,178.0,Braveheart,78.0,1995,1,5.0
265,Element Pictures,Won 1 Oscar. Another 98 wins & 119 nominations.,Lenny Abrahamson,Drama,8.3,English,R,118.0,Room,94.0,2015,1,1.0
266,Paramount Pictures,Won 1 Oscar. Another 5 wins & 20 nominations.,Steven Spielberg,"Action, Adventure, Fantasy",8.3,"English, German, Greek",PG-13,127.0,Indiana Jones and the Last Crusade,88.0,1989,1,1.0
267,WARNER BROTHERS PICTURES,Won 3 Oscars. Another 12 wins & 5 nominations.,John Huston,"Adventure, Drama",8.3,"English, Spanish",NOT RATED,126.0,The Treasure of the Sierra Madre,100.0,1948,1,3.0
268,Warner Bros. Pictures,Won 1 Oscar. Another 13 wins & 7 nominations.,Stanley Kubrick,"Adventure, Mystery, Sci-Fi",8.3,"English, Russian",G,149.0,2001: A Space Odyssey,94.0,1968,1,1.0
269,Lionsgate,Nominated for 1 Oscar. Another 6 wins & 19 nominations.,Gavin O'Connor,"Drama, Sport",8.2,"English, Spanish",PG-13,140.0,Warrior,83.0,2011,1,1.0
270,Warner Bros.,Nominated for 4 Oscars. Another 8 wins & 17 nominations.,Stanley Kubrick,"Crime, Drama, Sci-Fi",8.4,English,X,136.0,A Clockwork Orange,90.0,1971,1,4.0
271,Warner Bros.,Won 1 Oscar. Another 2 wins & 9 nominations.,Stuart Rosenberg,Drama,8.2,English,PG,126.0,Cool Hand Luke,100.0,1967,1,1.0
272,RKO Radio Pictures,Won 1 Oscar. Another 7 wins & 12 nominations.,Orson Welles,"Drama, Mystery",8.4,English,APPROVED,119.0,Citizen Kane,100.0,1941,1,1.0
273,Lopert Pictures Corporation,Won 1 Oscar. Another 15 wins & 6 nominations.,Federico Fellini,Drama,8.3,Italian,NOT RATED,110.0,Nights of Cabiria,97.0,1957,0,1.0
274,B4U Entertainment,Nominated for 1 Oscar. Another 44 wins & 19 nominations.,Ashutosh Gowariker,"Adventure, Drama, Musical",8.2,"Hindi, English, Awadhi, Urdu",PG,224.0,Lagaan: Once Upon a Time in India,95.0,2001,1,1.0
275,United Artists Films,2 wins & 1 nomination.,"Clyde Bruckman, Buster Keaton","Action, Adventure, Comedy",8.2,English,UNRATED,67.0,The General,93.0,1926,1,0.0
276,20th Century Fox,Nominated for 1 Oscar. Another 8 wins & 31 nominations.,David Fincher,Drama,8.9,English,R,139.0,Fight Club,79.0,1999,1,1.0
277,Sony Pictures Classics,Won 1 Oscar. Another 75 wins & 32 nominations.,Florian Henckel von Donnersmarck,"Drama, Thriller",8.5,German,R,137.0,The Lives of Others,93.0,2006,0,1.0
278,The Weinstein Company,Won 4 Oscars. Another 100 wins & 189 nominations.,Tom Hooper,"Biography, Drama, History",8.0,English,R,118.0,The King's Speech,95.0,2010,1,4.0
279,20th Century Fox,Won 4 Oscars. Another 16 wins & 14 nominations.,George Roy Hill,"Biography, Crime, Drama",8.1,"English, Spanish",M,110.0,Butch Cassidy and the Sundance Kid,89.0,1969,1,4.0
280,United Artists,Won 2 Oscars. Another 13 wins & 25 nominations.,Stanley Kramer,"Drama, War",8.3,"English, German",NOT RATED,186.0,Judgment at Nuremberg,90.0,1961,1,2.0
281,Universal Pictures,3 nominations.,John Carpenter,"Horror, Sci-Fi",8.2,"English, Norwegian",R,109.0,The Thing,80.0,1982,1,0.0
282,Starmaker Entertainment,3 wins.,Hayao Miyazaki,"Animation, Adventure, Fantasy",8.1,Japanese,PG,117.0,Nausicaä of the Valley of the Wind,87.0,1984,0,0.0
283,Warner Bros.,12 nominations.,Michael Mann,"Action, Crime, Drama",8.2,"English, Spanish",R,170.0,Heat,86.0,1995,1,0.0
284,Warner Bros. Pictures,Won 4 Oscars. Another 36 wins & 29 nominations.,Clint Eastwood,"Drama, Western",8.3,English,R,131.0,Unforgiven,95.0,1992,1,4.0
285,CJ Entertainment,13 wins & 3 nominations.,Joon-ho Bong,"Crime, Drama, Mystery",8.1,"Korean, English",UNRATED,132.0,Memories of Murder,89.0,2003,1,0.0
286,Criterion Collection,Nominated for 3 Oscars. Another 16 wins & 8 nominations.,Sidney Lumet,"Crime, Drama",8.9,English,NOT RATED,96.0,12 Angry Men,100.0,1957,1,3.0
287,Paramount Vantage,Nominated for 2 Oscars. Another 23 wins & 99 nominations.,Sean Penn,"Adventure, Biography, Drama",8.2,"English, Danish",R,148.0,Into the Wild,82.0,2007,1,2.0
288,Miramax Films,Won 1 Oscar. Another 54 wins & 60 nominations.,Quentin Tarantino,"Crime, Drama",8.9,"English, Spanish, French",R,154.0,Pulp Fiction,94.0,1994,1,1.0
289,Fox Films,Won 3 Oscars. Another 2 wins & 1 nomination.,F.W. Murnau,"Drama, Romance",8.3,Missing,NOT RATED,94.0,Sunrise,98.0,1927,0,3.0
290,The Weinstein Company,Nominated for 1 Golden Globe. Another 32 wins & 39 nominations.,"Olivier Nakache, Eric Toledano","Biography, Comedy, Drama",8.6,"French, English",R,112.0,The Intouchables,74.0,2011,1,0.0
291,Columbia Pictures,Nominated for 6 Oscars. Another 13 wins & 5 nominations.,Wolfgang Petersen,"Adventure, Drama, Thriller",8.4,"German, English, French",R,149.0,Das Boot,98.0,1981,1,6.0
292,Warner Bros. Pictures,7 wins & 27 nominations.,James McTeigue,"Action, Drama, Thriller",8.2,English,R,132.0,V for Vendetta,73.0,2005,1,0.0
293,Miramax Films,Nominated for 1 Oscar. Another 20 wins & 26 nominations.,Danny Boyle,Drama,8.2,English,R,94.0,Trainspotting,90.0,1996,1,1.0
294,Universal Pictures,Won 5 Oscars. Another 17 wins & 26 nominations.,Michael Cimino,"Drama, War",8.2,"English, Russian, Vietnamese, French",R,183.0,The Deer Hunter,93.0,1978,1,5.0
295,Walt Disney Pictures,Won 1 Oscar. Another 86 wins & 85 nominations.,Andrew Stanton,"Animation, Adventure, Family",8.4,English,G,98.0,WALL·E,96.0,2008,1,1.0
296,United Artists,4 wins & 1 nomination.,Charles Chaplin,"Comedy, Drama",8.6,English,G,87.0,Modern Times,100.0,1936,1,0.0
297,Focus Features,Won 1 Oscar. Another 67 wins & 103 nominations.,Michel Gondry,"Drama, Romance, Sci-Fi",8.3,English,R,108.0,Eternal Sunshine of the Spotless Mind,93.0,2004,1,1.0
298,Fox Searchlight,Won 4 Oscars. Another 121 wins & 213 nominations.,Wes Anderson,"Adventure, Comedy, Crime",8.1,"English, French",R,99.0,The Grand Budapest Hotel,92.0,2014,1,4.0
299,DreamWorks Studios,Won 1 Oscar. Another 79 wins & 111 nominations.,Tate Taylor,Drama,8.1,English,PG-13,146.0,The Help,75.0,2011,1,1.0
300,Warner Bros.,Won 1 Oscar. Another 37 wins & 32 nominations.,Martin Scorsese,"Biography, Crime, Drama",8.7,"English, Italian",R,146.0,Goodfellas,96.0,1990,1,1.0
301,Picturehouse,Won 3 Oscars. Another 93 wins & 99 nominations.,Guillermo del Toro,"Drama, Fantasy, War",8.2,Spanish,R,118.0,Pan's Labyrinth,95.0,2006,0,3.0
302,United Artists,1 win & 1 nomination.,Sergio Leone,Western,8.9,Italian,NOT RATED,161.0,"The Good, the Bad and the Ugly",97.0,1966,0,0.0
303,Universal Pictures,Nominated for 1 Oscar. Another 3 wins & 9 nominations.,Martin Scorsese,"Biography, Crime, Drama",8.2,English,R,178.0,Casino,80.0,1995,1,1.0
304,Janus Films,7 wins & 1 nomination.,Ingmar Bergman,"Drama, Fantasy",8.2,"Swedish, Latin",NOT RATED,96.0,The Seventh Seal,92.0,1957,0,0.0
305,MCA Universal Home Video,Nominated for 1 Oscar. Another 4 wins & 10 nominations.,Rob Reiner,"Adventure, Drama",8.1,English,R,89.0,Stand by Me,91.0,1986,1,1.0
306,Paramount Pictures,4 wins & 4 nominations.,Fritz Lang,"Drama, Sci-Fi",8.3,German,NOT RATED,153.0,Metropolis,99.0,1927,0,0.0
307,Columbia Pictures,Nominated for 7 Oscars. Another 15 wins & 21 nominations.,Frank Darabont,"Crime, Drama",9.3,English,R,142.0,The Shawshank Redemption,91.0,1994,1,7.0
308,ENIC,Nominated for 1 Oscar. Another 18 wins.,Vittorio De Sica,Drama,8.3,Italian,NOT RATED,89.0,Bicycle Thieves,98.0,1948,0,1.0
309,Paramount Pictures,Won 6 Oscars. Another 10 wins & 20 nominations.,Francis Ford Coppola,"Crime, Drama",9.0,"English, Italian, Spanish, Latin, Sicilian",R,202.0,The Godfather: Part II,97.0,1974,1,6.0
310,Gramercy Pictures,4 wins & 16 nominations.,"Joel Coen, Ethan Coen","Comedy, Crime",8.2,"English, German, Hebrew, Spanish",R,117.0,The Big Lebowski,81.0,1998,1,0.0
311,,6 wins & 1 nomination.,Orson Welles,"Crime, Drama, Film-Noir",8.1,"English, Spanish",PG-13,95.0,Touch of Evil,,1958,1,0.0
312,MGM,Won 2 Oscars. Another 73 wins & 52 nominations.,"Joel Coen, Ethan Coen","Crime, Drama, Thriller",8.2,English,R,98.0,Fargo,94.0,1996,1,2.0
313,Paramount Pictures,Nominated for 4 Oscars. Another 6 wins & 8 nominations.,Alfred Hitchcock,"Mystery, Thriller",8.5,English,APPROVED,112.0,Rear Window,100.0,1954,1,4.0
314,Paramount Pictures,Won 3 Oscars. Another 15 wins & 18 nominations.,Billy Wilder,"Drama, Film-Noir",8.5,English,NOT RATED,110.0,Sunset Boulevard,98.0,1950,1,3.0
315,Zweites Deutsches Fernsehen,2 wins & 1 nomination.,Andrei Tarkovsky,"Drama, Mystery, Sci-Fi",8.1,Russian,NOT RATED,163.0,Stalker,100.0,1979,0,0.0
316,Warner Bros.,Nominated for 1 Oscar. Another 7 wins & 9 nominations.,Stanley Kubrick,"Drama, War",8.3,"English, Vietnamese",R,116.0,Full Metal Jacket,95.0,1987,1,1.0
317,United Artists,Won 5 Oscars. Another 19 wins & 8 nominations.,Billy Wilder,"Comedy, Drama, Romance",8.3,English,APPROVED,125.0,The Apartment,93.0,1960,1,5.0
318,Paramount Pictures,Won 6 Oscars. Another 37 wins & 51 nominations.,Robert Zemeckis,"Drama, Romance",8.8,English,PG-13,142.0,Forrest Gump,73.0,1994,1,6.0
319,Miramax,Won 3 Oscars. Another 62 wins & 44 nominations.,Roberto Benigni,"Comedy, Drama, Romance",8.6,"Italian, German, English",PG-13,116.0,Life Is Beautiful,80.0,1997,1,3.0
320,Universal Pictures,Won 3 Oscars. Another 10 wins & 16 nominations.,Steven Spielberg,"Adventure, Drama, Horror",8.0,English,PG,124.0,Jaws,97.0,1975,1,3.0
321,Dream Works,Won 5 Oscars. Another 103 wins & 96 nominations.,Sam Mendes,Drama,8.4,English,R,122.0,American Beauty,88.0,1999,1,5.0
322,Warner Bros.,Nominated for 1 Oscar. Another 10 wins & 34 nominations.,Denis Villeneuve,"Crime, Drama, Mystery",8.1,English,R,153.0,Prisoners,81.0,2013,1,1.0
323,MGM,Nominated for 6 Oscars. Another 3 wins & 9 nominations.,Billy Wilder,"Crime, Drama, Mystery",8.4,"English, German",APPROVED,116.0,Witness for the Prosecution,100.0,1957,1,6.0
324,Walt Disney Pictures,,"Anthony Russo, Joe Russo","Action, Adventure, Sci-Fi",8.3,"English, German, Xhosa, Russian, Romanian",PG-13,147.0,Captain America: Civil War,90.0,2016,1,0.0
325,United Artists,Won 2 Oscars. Another 2 wins & 10 nominations.,Alfred Hitchcock,"Drama, Film-Noir, Mystery",8.2,"English, French",NOT RATED,130.0,Rebecca,100.0,1940,1,2.0
326,Warner Bros. Pictures,Won 4 Oscars. Another 143 wins & 198 nominations.,Christopher Nolan,"Action, Adventure, Crime",8.8,"English, Japanese, French",PG-13,148.0,Inception,86.0,2010,1,4.0
327,MGM Home Entertainment,,Sergio Leone,Western,8.3,Italian,APPROVED,132.0,For a Few Dollars More,94.0,1965,0,0.0
328,United Artists,Won 4 Oscars. Another 13 wins & 10 nominations.,Fred Zinnemann,"Thriller, Western",8.1,"English, Spanish",PG,85.0,High Noon,96.0,1952,1,4.0
329,WARNER BROTHERS PICTURES,Won 1 Oscar. Another 13 wins & 19 nominations.,Sidney Lumet,"Crime, Drama",8.0,English,R,125.0,Dog Day Afternoon,95.0,1975,1,1.0
330,20th Century Fox,Won 6 Oscars. Another 39 wins & 28 nominations.,George Lucas,"Action, Adventure, Fantasy",8.7,English,PG,121.0,Star Wars: Episode IV - A New Hope,93.0,1977,1,6.0
331,TriStar Pictures,Won 4 Oscars. Another 20 wins & 22 nominations.,James Cameron,"Action, Sci-Fi",8.5,"English, Spanish",R,137.0,Terminator 2: Judgment Day,93.0,1991,1,4.0
332,Cinerez,Won 2 Oscars. Another 16 wins & 8 nominations.,Federico Fellini,"Drama, Fantasy",8.1,"Italian, English, French, German",NOT RATED,138.0,8½,98.0,1963,1,2.0
333,MGM,Nominated for 3 Oscars. Another 16 wins & 42 nominations.,Terry George,"Drama, History, War",8.1,"English, French",PG-13,121.0,Hotel Rwanda,90.0,2004,1,3.0
334,Loew's Inc.,Won 8 Oscars. Another 9 wins & 8 nominations.,"Victor Fleming, George Cukor, Sam Wood","Drama, History, Romance",8.2,English,G,238.0,Gone with the Wind,94.0,1939,1,8.0
335,Miramax Films,Won 4 Oscars. Another 155 wins & 131 nominations.,"Ethan Coen, Joel Coen","Crime, Drama, Thriller",8.1,"English, Spanish",R,122.0,No Country for Old Men,93.0,2007,1,4.0
336,Sony Pictures,Won 8 Oscars. Another 21 wins & 9 nominations.,Elia Kazan,"Crime, Drama, Romance",8.3,English,NOT RATED,108.0,On the Waterfront,98.0,1954,1,8.0
337,Inferno Entertainment,,Lasse Hallström,"Drama, Family",8.1,"English, Japanese",G,93.0,Hachi: A Dog's Tale,62.0,2009,1,0.0
338,Paramount Pictures,Won 5 Oscars. Another 74 wins & 74 nominations.,Steven Spielberg,"Action, Drama, War",8.6,"English, French, German, Czech",R,169.0,Saving Private Ryan,92.0,1998,1,5.0
339,Universal Films,Nominated for 3 Golden Globes. Another 4 nominations.,Brian De Palma,"Crime, Drama",8.3,"English, Spanish",R,170.0,Scarface,82.0,1983,1,0.0
340,United Artists,Won 5 Oscars. Another 30 wins & 13 nominations.,Milos Forman,Drama,8.7,English,R,133.0,One Flew Over the Cuckoo's Nest,95.0,1975,1,5.0
341,Newmarket Films,Nominated for 2 Oscars. Another 54 wins & 55 nominations.,Christopher Nolan,"Mystery, Thriller",8.5,English,R,113.0,Memento,92.0,2000,1,2.0
342,Columbia Pictures,4 wins & 6 nominations.,Guy Ritchie,"Comedy, Crime",8.3,"English, Russian",R,102.0,Snatch.,73.0,2000,1,0.0
343,Rialto Pictures,Won 1 Oscar. Another 25 wins & 22 nominations.,Akira Kurosawa,"Action, Drama",8.3,Japanese,R,162.0,Ran,96.0,1985,0,1.0
344,Columbia Pictures,Nominated for 4 Oscars. Another 21 wins & 15 nominations.,Martin Scorsese,"Crime, Drama",8.3,"English, Spanish",R,113.0,Taxi Driver,99.0,1976,1,4.0
